player_id,first_name,last_name,team_id,country_id,player_role,salary,age,height,weight
1,Ilya,Samsonov,24,3,GK,925000,24,191,93
2,Krage,Anderson,24,2,GK,700000,40,188,84
3,Vitek,Vanechek,24,6,GK,716667,25,185,82
4,Justin,Shults,24,1,D,4000000,30,188,89
5,Nick,Jensen,24,2,D,2500000,30,183,88
6,Brendan,Dillon,24,1,D,3900000,30,193,104
7,Mihal,Kempny,24,6,D,2500000,30,183,88
8,Dmitriy,Orlov,24,3,D,5100000,29,181,96
9,Zdeno,Chara,24,8,D,795000,44,206,116
10,Trevor,Van Rimsdayk,24,2,D,950000,29,188,85
11,John,Karlson,24,2,D,8000000,31,190,98
12,Alexander,Ovechkin,24,3,LW,9538462,35,190,104
13,Mikhael,Raffl,24,16,LW,2350000,32,184,91
14,Karl,Hagelin,24,4,LW,2750000,32,180,84
15,Konor,Shiri,24,2,LW,1500000,28,173,79
16,Nikolas,Bakstrem,24,4,C,9200000,33,184,97
17,Lars,Eller,24,10,C,3500000,32,186,94
18,Nick,Daud,24,2,C,750000,31,185,79
19,Evgeniy,Kuznetcov,24,3,C,7800000,29,186,87
20,Daniel,Sprong,24,17,RW,725000,24,183,82
21,Garnet,Hattaway,24,2,RW,1500000,32,188,94
22,Antony,Manta,24,1,RW,5700000,26,195,102
23,Tom,Wilson,24,1,RW,5170000,27,193,98
24,T.J.,O`Shea,24,2,RW,5750000,34,180,86
25,Petr,Mrazek,25,6,GK,3125000,29,187,82
26,Alex,Nedelkovich,25,2,GK,737500,25,183,86
27,James,Raimer,25,1,GK,3400000,33,188,98
28,Dugi,Hamilton,25,1,D,5750000,27,197,95
29,Bratt,Peshi,25,2,D,4025000,26,191,91
30,Jake,Gardiner,25,2,D,4050000,30,188,91
31,Jani,Hakanpya,25,5,D,750000,29,196,99
32,Jacob,Slavin,25,2,D,5300000,27,191,93
33,Brady,Shey,25,2,D,5250000,27,191,93
34,Worren,Fogel,25,1,LW,2150000,25,188,86
35,Brock,McGinn,25,1,LW,2100000,27,183,84
36,Max,McKormick,25,2,LW,700000,29,177,86
37,Johrdan,Martinuk,25,1,LW,2000000,28,183,92
38,Teuwo,Terjavjajnen,25,5,LW,5400000,26,180,81
39,Johrdan,Staal,25,1,C,6000000,32,193,100
40,Vincent,Trochek,25,2,C,4750000,27,178,83
41,Sedrick,Packett,25,1,C,1650000,27,185,90
42,Sebastian,Aho,25,5,C,8450000,23,181,78
43,Morgan,Giki,25,1,C,800000,22,188,76
44,Martin,Nechas,25,6,C,894166,22,185,76
45,Nino,Niderraiter,25,7,RW,5250000,28,188,95
46,Andrey,Svechnikov,25,3,RW,925000,21,191,83
47,Jesper,Fast,25,4,RW,2000000,29,182,86
48,Jonas,Korpisalo,26,5,GK,2800000,27,190,83
49,Matiss,Kivlenieks,26,11,GK,725000,24,187,81
50,Elvis,Merzlikin,26,11,GK,4000000,27,191,87
51,Set,Johns,26,2,D,5400000,26,193,95
52,Scott,Harrington,26,1,D,1630000,28,188,94
53,Zak,Verenski,26,2,D,5000000,23,188,95
54,Maikl,Del Zotto,26,1,D,700000,30,183,88
55,Vladislav,Gavrikov,26,3,D,2800000,25,190,95
56,Dean,Kukan,26,7,D,1650000,27,188,90
57,Gabriel,Karlsson,26,4,D,725000,24,195,87
58,Gustav,Njuqwist,26,4,LW,5500000,31,180,83
59,Eric,Robinson,26,2,LW,975000,25,188,89
60,Kevin,Stenlund,26,4,C,874125,24,193,95
61,Max,Domi,26,1,C,5300000,26,178,90
62,Brandon,Dubinski,26,2,C,5850000,35,188,93
63,Liam,Foodee,26,1,C,894167,21,185,82
64,Stefen,Matto,26,2,C,725000,27,188,100
65,Nathan,Gerbe,26,2,C,750000,33,163,80
66,Mikhail,Grigorenko,26,3,C,1200000,27,189,95
67,Bunn,Jenner,26,1,C,3750000,27,188,93
68,Alexander,Teksje,26,12,C,897500,21,184,88
69,Emile,Bemstrem,26,4,C,925000,22,179,86
70,Jack,Roslovik,26,2,C,1900000,24,185,83
71,Kam,Atkinson,26,2,RW,5875000,31,173,81
72,Oliver,Bjorkstrand,26,10,RW,5400000,26,183,80
73,Patrick,Lajne,26,5,RW,6750000,23,194,91
74,McKensey,Blackwood,27,1,GK,2800000,24,193,102
75,Scott,Wagewood,27,1,GK,700000,28,188,94
76,Aaron,Dell,27,1,GK,800000,32,183,93
77,Connor,Carrick,27,2,D,1500000,27,180,88
78,Matt,Tennisson,27,2,D,700000,28,188,93
79,Will,Butcher,27,2,D,3730000,26,178,86
80,Rayan,Murrey,27,1,D,4600000,27,185,93
81,Tay,Smith,27,1,D,863333,21,180,81
82,Daemon,Severson,27,1,D,4166666,26,188,93
83,Jonas,Zigentaller,27,7,D,800000,24,189,99
84,P.K.,Subban,27,1,D,9000000,32,183,97
85,Andreas,Junsson,27,4,LW,3400000,26,178,82
86,Mikhail,Maltsev,27,3,LW,809167,23,191,100
87,Nolan,Foote,27,1,LW,894167,20,193,91
88,Milse,Wood,27,2,LW,2750000,25,185,84
89,Jesper,Bratt,27,4,LW,2750000,22,179,81
90,Jesper,Boqwist,27,4,LW,925000,22,182,82
91,Niko,Hishir,27,7,C,7250000,22,186,81
92,Egor,Sharangovich,27,23,C,775833,22,187,92
93,Maikl,McClaud,27,1,C,8863333,23,188,85
94,Pavel,Zaha,27,6,C,2250000,24,191,97
95,Janne,Kuokkainen,27,5,C,811666,23,185,88
96,Jack,Hughes,27,2,C,925000,20,179,77
97,Nathan,Bastian,27,1,RW,714166,23,183,93
98,Nick,Merley,27,1,RW,874125,24,178,88
99,Ilya,Sorokin,28,3,GK,2000000,25,188,80
100,Kory,Shnayder,28,2,GK,700000,35,189,93
101,Semen,Varlamov,28,3,GK,5000000,33,188,95
102,Nick,Laddy,28,2,D,5500000,30,183,88
103,Adam,Pelek,28,1,D,1600000,26,191,97
104,Andy,Green,28,2,D,700000,38,180,86
105,Rayan,Poolock,28,1,D,5000000,26,188,97
106,Noa,Dobson,28,1,D,894167,21,193,83
107,Scott,Mayfield,28,2,D,1450000,28,195,99
108,Tomas,Hiki,28,1,D,2500000,31,182,86
109,Sebastian,Aho,28,4,D,725000,25,177,80
110,Brandon,Kobern,28,1,D,1700000,36,196,101
111,Matt,Martin,28,1,LW,1500000,32,191,100
112,Kifer,Bellows,28,2,LW,894166,22,185,88
113,Anders,Lee,28,2,LW,7000000,30,191,103
114,Maikl,Dell Koll,28,1,LW,700000,24,191,93
115,Ross,Johnston,28,1,LW,1000000,27,195,107
116,Johrdan,Aberle,28,1,C,5500000,31,180,83
117,Mathew,Barzal,28,1,C,7000000,24,183,85
118,Travis,Zaydjek,28,1,C,5750000,36,189,84
119,Antony,Bowilew,28,1,C,2100000,23,180,77
120,Brock,Nelson,28,2,C,6000000,29,191,93
121,Jan-Gabriel,Paugeot,28,1,C,5000000,28,175,82
122,Leo,Komarov,28,5,C,3000000,34,180,95
123,Kayse,Sizikas,28,1,C,3350000,30,180,91
124,Josh,Bayle,28,1,RW,5000000,31,185,95
125,Kal,Klatterback,28,1,RW,3500000,33,180,99
126,Kayl,Palmiery,28,2,RW,4650000,30,178,84
127,Igor,Shesterkin,29,3,GK,925000,25,185,83
128,Alexander,Georgiev,29,3,GK,2425000,25,186,80
129,Kit,Kinkade,29,2,GK,825000,31,191,88
130,Jacob,Truba,29,2,D,8000000,27,189,92
131,Antony,Bitetto,29,2,D,737500,30,185,95
132,Adam,Fox,29,2,D,925000,23,180,82
133,Libor,Gajeck,29,6,D,925000,23,184,93
134,Jack,Johnson,29,2,D,1150000,34,185,103
135,Brendan,Smith,29,1,D,4350000,32,188,96
136,Rayan,Lindgren,29,2,D,925000,23,183,90
137,Andre,Miller,29,2,D,925000,21,193,94
138,Artemiy,Panarin,29,3,LW,11642857,29,180,76
139,Alex,Lafrenier,29,1,LW,925000,19,186,87
140,Kris,Krayder,29,2,LW,6500000,30,191,103
141,Philipp,Di Djuzeppe,29,1,LW,700000,27,183,91
142,Rayan,Stroum,29,1,C,4500000,27,185,89
143,Brett,Houden,29,1,C,925000,24,188,88
144,Kevin,Roowney,29,2,C,750000,28,188,86
145,Philipp,Hytil,29,6,C,894166,21,187,92
146,Mika,Zibanezhad,29,4,C,5350000,28,187,101
147,Julien,Gotier,29,1,RW,863333,23,193,103
148,Kaapo,Kakko,29,5,RW,925000,20,188,87
149,Vitaliy,Kravtcov,29,3,RW,925000,21,189,85
150,Pavel,Buchnevich,29,3,RW,3250000,26,188,88
151,Kaisy,Desmit,30,2,GK,1250000,29,183,82
152,Maxim,Legasy,30,1,GK,700000,28,188,86
153,Tristan,Jarry,30,1,GK,3500000,26,188,88
154,Chad,Ruvedell,30,2,D,700000,31,180,87
155,Jannik,Weber,30,7,D,700000,32,181,91
156,Maikl,Matson,30,1,D,4875000,27,188,87
157,John,Marino,30,2,D,4400000,24,185,82
158,Brayan,Dymulin,30,2,D,4100000,29,193,94
159,Markus,Petersson,30,4,D,4000000,25,194,80
160,Yuso,Riikola,30,5,D,1150000,27,184,86
161,Mark,Fridman,30,1,D,725000,25,180,84
162,Kris,Letang,30,1,D,7250000,34,183,91
163,Pjer-Olivier,Josef,30,1,D,863333,21,188,84
164,Kody,Sisy,30,1,D,1250000,27,188,94
165,Drew,O`Konnor,30,2,LW,925000,22,191,86
166,Brandon,Tanev,30,1,LW,3500000,29,183,82
167,Jason,Zuker,30,2,LW,5500000,29,180,85
168,Jake,Genzel,30,2,LW,6000000,26,180,82
169,Radim,Sogorna,30,6,LW,792500,25,198,104
170,Kolton,Siviur,30,1,C,1200000,32,183,88
171,Evan,Rodriges,30,1,C,700000,27,180,83
172,Frederick,Godro,30,1,C,700000,28,183,81
173,Zack,Aston-Reese,30,2,C,1000000,26,183,93
174,Mark,Jankovscy,30,1,C,700000,26,193,92
175,Sam,Lafferty,30,2,C,750000,26,185,88
176,Jarred,McCann,30,1,C,2940000,25,185,88
177,Theodors,Blugers,30,11,C,750000,26,183,84
178,Evgeniy,Malkin,30,3,C,9500000,34,192,88
179,Jeff,Carter,30,1,C,5272727,36,193,98
180,Sidney,Crosby,30,1,C,8700000,33,180,91
181,Brayan,Rast,30,2,RW,3500000,29,180,87
182,Casperi,Cappanen,30,5,RW,3200000,24,185,85
183,Antony,Angello,30,2,RW,725000,25,195,95
184,Alex,Layon,31,2,GK,700000,28,185,91
185,Brayan,Elliot,31,1,GK,1500000,36,188,95
186,Carter,Hart,31,1,GK,925000,22,188,82
187,Philipp,Mayers,31,1,D,2550000,24,196,95
188,Trevis,Sanheim,31,1,D,3250000,25,191,82
189,Robert,Hegg,31,4,D,1600000,26,188,93
190,Ivan,Provorov,31,3,D,6750000,24,185,91
191,Shaine,Gostesbeer,31,2,D,4500000,28,180,82
192,Jastin,Braun,31,2,D,1800000,34,188,93
193,Oscar,Lindblum,31,4,LW,3000000,24,187,87
194,James,Van Remsdayk,31,2,LW,7000000,32,191,88
195,Klod,Girou,31,1,LW,8275000,33,180,84
196,Karsen,Tvarinsky,31,1,LW,775833,23,188,90
197,Joel,Faraby,31,2,LW,925000,21,183,74
198,Kevin,Hase,31,2,C,7140000,29,196,103
199,Shean,Coutyurier,31,1,C,4333330,28,192,96
200,Nolan,Patrick,31,1,C,874125,22,189,90
201,Scott,Lowton,31,1,C,2300000,27,185,86
202,Morgan,Frost,31,1,C,863333,22,182,84
203,Tanner,Lasinsky,31,2,C,925000,24,185,93
204,Trevis,Konecny,31,1,RW,5500000,24,178,79
205,Wade,Allison,31,1,RW,925000,23,188,93
206,Nikola,Obe-Kubel,31,1,RW,1075000,25,180,85
207,Jacob,Vorachek,31,6,RW,8250000,31,189,97
208,Dustin,Tokarski,32,1,GK,725000,31,183,90
209,Linus,Ulmark,32,4,GK,2600000,27,193,100
210,Carter,Hatton,32,1,GK,2750000,35,185,91
211,William,Borgen,32,2,D,864166,24,191,90
212,Henry,Johikarju,32,5,D,925000,21,183,88
213,Jake,McCabe,32,2,D,2850000,27,185,95
214,Rasmus,Dalin,32,4,D,925000,21,191,84
215,Kolin,Miller,32,1,D,3875000,28,185,89
216,Matt,Irwin,32,1,D,700000,33,185,94
217,Rasmus,Ristolainen,32,5,D,5400000,26,192,99
218,Brandon,Davidson,32,1,D,700000,29,188,95
219,Jeff,Scinner,32,1,LW,9000000,29,180,91
220,Victor,Uloffson,32,4,LW,3050000,25,178,80
221,Anders,Bjork,32,2,LW,1600000,24,183,86
222,Jack,Aikel,32,2,C,10000000,24,188,93
223,Tobias,Rider,32,9,C,700000,28,180,85
224,Railey,Shihen,32,1,C,700000,29,191,101
225,Kody,Ickin,32,1,C,2250000,30,183,86
226,Sam,Raynhart,32,1,C,5200000,25,185,87
227,Dilan,Cozens,32,1,C,894167,20,191,85
228,Zemgus,Girgensons,32,11,C,2200000,27,188,94
229,Cayse,Mittelstadt,32,2,C,874125,22,180,86
230,Rasmus,Asplund,32,4,C,845000,23,180,87
231,Kyle,Okposo,32,2,RW,6000000,33,184,100
232,Jack,Quinn,32,2,RW,925000,19,183,80
233,Tage,Tompson,32,2,RW,1400000,23,197,98
234,Jeremy,Swainman,33,2,GK,925000,22,191,85
235,Tuukka,Rask,33,5,GK,7000000,34,190,80
236,Jaroslav,Halack,33,8,GK,2250000,36,180,83
237,Daniel,Vladarzh,33,6,GK,750000,23,196,84
238,Mike,Railly,33,2,D,1500000,27,188,89
239,Brandon,Carlo,33,2,D,5700000,24,196,92
240,John,Moore,33,2,D,2750000,30,190,95
241,Matt,Grizlick,33,2,D,3687500,27,175,79
242,Jeremy,Lozon,33,1,D,850000,24,189,93
243,Urho,Vaakanajnen,33,5,D,925000,22,185,84
244,Jacob,Zborzhil,33,6,D,725000,24,183,91
245,Charley,McAvoy,33,2,D,4900000,23,183,94
246,Konor,Clifton,33,2,D,1000000,26,180,79
247,Jarred,Tinnordy,33,2,D,700000,29,198,103
248,Kevan,Miller,33,2,D,1000000,33,188,95
249,Nick,Ritchie,33,1,LW,1498925,25,189,106
250,Brad,Marshan,33,1,LW,6125000,33,175,82
251,Taylor,Hall,33,1,LW,8000000,29,185,93
252,Jake,Debrasck,33,1,LW,3675000,24,183,83
253,Anton,Blind,33,4,LW,700000,26,184,91
254,Trent,Frederick,33,2,C,925000,23,188,92
255,Charlie,Coyle,33,2,C,5250000,29,190,99
256,Kertis,Lasar,33,1,C,800000,26,183,95
257,Jack,Stadnica,33,1,C,769167,22,185,78
258,Per,Lindholm,33,4,C,850000,29,181,85
259,Patrice,Bergeron,33,1,C,6875000,35,185,88
260,David,Krejchee,33,6,C,7250000,35,183,94
261,Shean,Kuraly,33,2,C,1275000,28,188,93
262,Carson,Kulman,33,2,C,725000,25,180,84
263,Crage,Smith,33,2,RW,3100000,31,185,94
264,Cris,Vagner,33,2,RW,1350000,30,183,88
265,Ondrjey,Kashe,33,6,RW,2600000,25,182,84
266,David,Pastrnjak,33,6,RW,6666666,25,182,82
267,Tomas,Graiss,34,9,GK,3600000,35,185,103
268,Kalvin,Pickard,34,1,GK,750000,29,185,95
269,Jonathan,Bernier,34,1,GK,3000000,32,183,83
270,Alex,Biega,34,1,D,875000,33,178,90
271,Philip,Gronek,34,6,D,714166,23,183,77
272,Mark,Staal,34,1,D,5700000,34,193,94
273,Dennis,Cholovski,34,1,D,894166,23,185,88
274,Gustav,Lidstrem,34,4,D,775833,22,187,85
275,Danny,Decaiser,34,2,D,5000000,30,191,87
276,Troy,Stecher,34,1,D,1700000,27,178,86
277,Jacub,Vrana,34,6,LW,3350000,25,180,84
278,Tayler,Bertuzzi,34,1,LW,3500000,26,183,81
279,Adam,Herny,34,2,LW,997500,26,185,97
280,Matias,Brume,34,4,LW,925000,26,182,83
281,Robbie,Fabbri,34,1,C,2950000,25,179,88
282,Luke,Glendening,34,2,C,1800000,32,180,87
283,Darren,Helm,34,1,C,3850000,34,182,89
284,Valttery,Philppula,34,5,C,3000000,37,182,89
285,Bobby,Rayan,34,2,C,1000000,34,188,94
286,Dilan,Larkin,34,2,C,6100000,24,185,90
287,Frans,Nilsen,34,10,C,5250000,37,184,85
288,Sam,Ganje,34,1,C,850000,31,180,91
289,Vladislav,Namestnikov,34,3,C,2000000,28,182,85
290,Philip,Zhadina,34,6,RW,894167,21,185,86
291,Richard,Panick,34,8,RW,2750000,30,185,94
292,Evgeniy,Svechnikov,34,3,RW,874125,24,190,96
293,Kerry,Price,35,1,GK,10500000,33,190,98
294,Jake,Allen,35,1,GK,2875000,30,188,92
295,Charlie,Lindgren,35,2,GK,750000,27,185,83
296,Shea,Weber,35,1,D,7857143,35,193,107
297,Ben,Sharout,35,1,D,3500000,30,191,99
298,Cayl,Flery,35,1,D,711666,22,185,91
299,Jeff,Petrey,35,2,D,6250000,33,191,90
300,Alexandr,Romanov,35,3,D,894167,21,181,84
301,John,Merrill,35,2,D,925000,29,191,93
302,Eric,Gustaffson,35,4,D,3000000,29,183,80
303,Joel,Edmundson,35,1,D,3500000,27,193,100
304,Brett,Kulack,35,1,D,1850000,27,188,86
305,Paul,Birone,35,1,LW,1166667,32,175,73
306,Artturi,Lehckonen,35,5,LW,2400000,25,181,80
307,Tomash,Tatar,35,8,LW,5300000,30,179,84
308,Jonathan,Druen,35,1,LW,5500000,26,181,85
309,Nick,Suzuki,35,1,C,863333,21,180,83
310,Jesperi,Kotkaniemi,35,5,C,925000,20,188,85
311,Eric,Staal,35,1,C,3250000,36,193,93
312,Phillip,Dano,35,1,C,3083333,28,185,88
313,Jake,Evans,35,1,C,750000,25,183,84
314,Brendan,Gallaher,35,1,RW,6500000,29,174,83
315,Josh,Andersen,35,1,RW,5500000,27,191,100
316,Cole,Cofild,35,2,RW,880833,20,170,75
317,Joel,Armia,35,5,RW,2600000,28,192,93
318,Michael,Frolick,35,6,RW,750000,33,185,88
319,Tayler,Toffoly,35,1,RW,4250000,29,185,89
320,Cory,Perry,35,1,RW,750000,36,190,95
321,Markus,Hegberg,36,4,GK,700000,26,195,95
322,Matt,Murray,36,1,GK,6250000,27,194,81
323,Anton,Forsberg,36,4,GK,700000,28,187,87
325,Artem,Zub,36,3,D,2500000,25,188,90
326,Josh,Brown,36,2,D,1200000,27,195,98
327,Nikita,Zaytcev,36,3,D,4500000,29,188,88
328,Eric,Brennstrem,36,4,D,863333,21,189,92
329,Jacob,Bernard-Doker,36,1,D,925000,20,185,88
330,Toma,Shabo,36,1,D,8000000,24,188,86
331,Victor,Mete,36,1,D,735000,22,178,82
332,Brady,Tkachuk,36,2,LW,925000,21,191,87
333,Rayan,Dzingel,36,2,LW,3375000,29,183,85
334,Nick,Paul,36,1,LW,1350000,26,193,104
335,Austin,Watson,36,2,LW,1500000,29,193,88
336,Tim,Shtucle,36,9,LW,925000,19,184,89
337,Maikl,Haeley,36,1,LW,700000,35,180,93
338,Josh,Norris,36,2,C,925000,22,188,87
339,Derek,Stepan,36,2,C,6500000,30,183,89
340,Maikl,Amadio,36,1,C,700000,25,185,93
341,Kolin,White,36,2,C,4750000,24,185,86
342,Artem,Anisimov,36,3,C,4550000,33,192,90
343,Cris,Terney,36,1,C,3500000,26,185,85
344,Drake,Baterson,36,1,RW,736666,23,191,89
345,Connor,Brown,36,1,RW,3600000,27,183,84
346,Evgeniy,Dadonov,36,3,RW,5000000,32,179,84
347,Cristopher,Gibson,37,5,GK,700000,28,188,98
348,Certis,McCelinni,37,1,GK,1300000,38,188,95
349,Andrey,Vasilevskiy,37,3,GK,9500000,26,193,98
350,Luke,Shenn,37,1,D,800000,31,188,104
351,Rayan,McDona,37,2,D,6750000,31,185,97
352,Jan,Rutta,37,6,D,1300000,30,190,91
353,Kal,Foote,37,1,D,925000,22,193,103
354,David,Savar,37,1,D,4250000,30,188,103
355,Viktor,Hedman,37,4,D,7875000,30,198,101
356,Eric,Chernak,37,8,D,2950000,24,193,102
357,Mihail,Sergachev,37,3,D,800000,22,190,98
358,Patrick,Marone,37,2,LW,800000,33,191,104
359,Alex,Killorn,37,1,LW,4450000,31,188,88
360,Ondrzhej,Palat,37,6,LW,5300000,30,183,86
361,Tailer,Johnson,37,2,C,5000000,30,173,83
362,Blake,Coulman,37,2,C,1800000,29,180,91
363,Braiden,Point,37,1,C,6750000,25,180,75
364,Janne,Gorde,37,1,C,5166666,29,175,78
365,Antony,Sirelli,37,1,C,4800000,23,183,73
366,Ross,Colton,37,2,C,700000,24,183,95
367,Stiven,Stamkos,37,1,C,8500000,31,185,88
368,Mathiew,Josef,37,1,RW,737500,24,185,78
369,Barkley,Goodrow,37,1,RW,925000,28,188,98
370,Nikita,Kucherov,37,3,RW,9500000,27,181,81
371,Maikl,Hutchinson,38,1,GK,725000,31,190,92
372,Frederick,Andersen,38,10,GK,5000000,31,192,104
373,David,Rittih,38,6,GK,2750000,28,191,92
374,Jack,Campbell,38,2,GK,1650000,29,191,91
375,Justin,Hall,38,2,D,2000000,29,190,93
376,Jake,Mazzin,38,1,D,5630000,32,191,97
377,Zak,Bogosjan,38,2,D,1000000,30,190,100
378,Travis,Dermot,38,1,D,874125,24,180,89
379,Rasmus,Sandin,38,4,D,894167,21,181,85
380,Morgan,Raylee,38,1,D,5000000,27,185,98
381,Ben,Hutton,38,1,D,950000,28,188,93
382,T.J.,Brodee,38,1,D,5000000,30,185,93
383,Zack,Hayman,38,1,LW,2250000,28,185,97
384,Alex,Galchenyuk,38,2,LW,1050000,27,185,95
385,Piere,Hangvall,38,4,LW,1250000,25,194,87
386,Nick,Folignior,38,2,LW,5500000,33,183,92
387,Nikolas,Robertson,38,2,LW,821667,19,175,73
388,Alexandr,Kerfoot,38,1,C,3500000,26,178,79
389,Jason,Spezza,38,1,C,700000,37,191,97
390,Raylee,Nash,38,1,C,2750000,32,185,91
391,Auston,Mathews,38,2,C,11600000,23,191,98
392,William,Nulander,38,4,C,6960000,25,181,86
393,John,Tavares,38,1,C,11000000,30,185,94
394,Joe,Tornton,38,1,C,700000,41,193,100
395,Mitch,Marner,38,1,RW,10893000,24,181,77
396,Wayne,Simmonds,38,1,RW,1500000,32,188,94
397,Scott,Saburin,38,1,RW,700000,28,191,94
398,Ilya,Miheev,38,3,RW,1645000,26,189,88
399,Spencer,Night,39,2,GK,925000,20,191,87
400,Cris,Driger,39,1,GK,850000,27,193,93
401,Sergey,Bobrovskiy,39,3,GK,10000000,32,188,83
402,Philipp,Derosje,39,1,GK,700000,25,185,90
403,Kith,Jandl,39,2,D,6350000,34,185,86
404,Aaron,Akblad,39,1,D,7500000,25,193,98
405,Anton,Strolman,39,4,D,5500000,34,184,86
406,Radko,Gudas,39,6,D,2500000,30,181,93
407,Brady,Kiper,39,1,D,715000,25,188,88
408,Gustav,Forsling,39,4,D,700000,24,182,84
409,Kevin,Konnaton,39,1,D,700000,31,188,93
410,Lukas,Karlson,39,4,D,792500,23,184,86
411,McCensie,Wiger,39,1,D,3250000,27,183,96
412,Noa,Julsen,39,1,D,700000,24,191,86
413,Brandon,Montur,39,1,D,3850000,27,183,87
414,Markus,Nutivaara,39,5,D,2700000,26,185,87
415,Jonathan,Juberdo,39,1,LW,5900000,27,185,85
416,Grigorij,Denisenko,39,3,LW,925000,20,180,82
417,Mason,Marchment,39,1,LW,700000,25,193,93
418,Antony,Dukler,39,1,LW,1700000,25,180,84
419,Rayan,Lomberg,39,1,LW,725000,26,175,89
420,Nikita,Gusev,39,3,LW,700000,25,185,90
421,Sam,Bennett,39,1,C,2550000,24,185,91
422,Alexandr,Barkov,39,5,C,5900000,25,191,97
423,Alexandr,Vennberg,39,4,C,2250000,26,188,89
424,Carter,Verhegi,39,1,C,1000000,25,188,85
425,Aatu,Luostarinen,39,5,C,897500,22,190,83
426,Noel,Acchari,39,2,C,1700000,29,178,94
427,Lukas,Valmark,39,4,C,950000,25,183,80
428,Frank,Vatrano,39,2,C,2530000,27,175,91
429,Juho,Lammikko,39,5,C,725000,25,190,92
430,Patrick,Hernquist,39,4,RW,700000,25,185,90
431,Eric,Comry,40,1,GK,700000,25,185,82
432,Loran,Brossua,40,1,GK,1500000,28,191,92
433,Connor,Hellebayk,40,2,GK,6166666,28,193,94
434,Dilan,Demelo,40,1,D,3000000,28,185,88
435,Tacker,Poolman,40,2,D,775000,27,193,98
436,Nick,Pionk,40,2,D,3000000,25,180,82
437,Samy,Neeku,40,5,D,725000,24,185,88
438,Derek,Forbort,40,2,D,1000000,29,193,98
439,Jordy,Benn,40,1,D,2000000,33,188,91
440,Josh,Morrissi,40,1,D,6250000,26,183,88
441,Nathan,Bolier,40,1,D,1250000,28,188,91
442,Pier-Luke,Dubough,40,1,LW,5000000,22,191,94
443,Nikolay,Helers,40,10,LW,6000000,25,182,78
444,Kyle,Connor,40,2,LW,7140000,24,185,83
445,Andrew,Call,40,2,C,2280000,26,185,93
446,Nate,Tompson,40,2,C,750000,36,185,97
447,Jensen,Harkins,40,2,C,725000,24,188,85
448,Adam,Laury,40,1,C,3250000,28,195,95
449,Brayan,Little,40,1,C,5291666,33,183,87
450,Mason,Appleton,40,2,C,900000,25,188,91
451,Trevor,Louis,40,2,C,750000,34,185,92
452,Paul,Shtjasny,40,2,C,6500000,35,183,93
453,Mark,Shifely,40,1,C,6125000,28,190,94
454,Mathew,Perrough,40,1,C,4125000,33,178,85
455,Blake,Whiler,40,2,RW,8250000,34,195,102
456,Jake,Ottinger,41,2,GK,925000,22,193,96
457,Ben,Bishop,41,2,GK,4916667,34,201,102
458,Anton,Khudobin,41,3,GK,3333333,35,181,88
459,Jaime,Oleksijak,41,1,D,2100000,28,201,116
460,John,Klinberg,41,4,D,4250000,28,186,80
461,Miro,Hayskainen,41,5,D,894166,21,182,77
462,Andrey,Sekera,41,8,D,1500000,34,183,91
463,Mark,Pisick,41,1,D,750000,29,186,91
464,Essa,Lindell,41,5,D,5800000,27,191,97
465,Stiven,Johns,41,2,D,2350000,29,193,100
466,Taylor,Fedun,41,1,D,737500,32,183,91
467,Joel,Hanley,41,1,D,700000,29,180,86
468,Samy,Vatanen,41,5,D,2000000,30,178,83
469,Andrew,Cogliano,41,1,LW,2000000,33,178,80
470,Jaime,Benn,41,1,LW,9500000,31,188,95
471,Blake,Comough,41,1,LW,2400000,35,185,92
472,Jason,Robertson,41,2,LW,795000,21,191,95
473,Joel,kiviranta,41,5,LW,925000,25,179,80
474,Denis,Gurianov,41,3,LW,2550000,23,191,91
475,Radek,Faksa,41,6,C,3250000,27,191,98
476,Jason,Dikinson,41,1,C,1500000,25,188,93
477,Roole,Hintz,41,5,C,3150000,24,191,93
478,Justin,Douling,41,1,C,750000,30,178,84
479,Joel,Lasperance,41,2,C,725000,25,188,98
480,Ratt,Gardner,41,1,C,925000,25,191,102
481,Tanner,Kero,41,2,C,762500,28,183,82
482,Tayler,Segin,41,1,C,9850000,29,185,91
483,Joe,Pavelski,41,2,RW,7000000,36,180,86
484,Alexandr,Radulov,41,3,RW,6250000,34,186,91
485,Philipp,Grubauer,42,9,GK,3333333,29,185,84
486,Junas,Johansson,42,4,GK,700000,25,195,99
487,Pavel,Frantzous,42,6,GK,2000000,31,182,81
488,Devan,Dubnick,42,1,GK,4333000,35,197,97
489,Bowen,Bayrem,42,1,D,894167,19,185,88
490,Eric,Johnson,42,2,D,6000000,33,193,102
491,Devon,Toews,42,1,D,4100000,27,185,87
492,Kayl,Makar,42,1,D,880833,22,180,85
493,Patrick,Nemeth,42,4,D,2500000,29,192,99
494,Jacob,McDonald,42,2,D,525000,28,183,93
495,Rayan,Graivs,42,1,D,3166667,26,196,103
496,Samuel,Girare,42,1,D,5000000,23,178,73
497,Keaton,Middltone,42,1,D,700000,23,197,109
498,Kayl,Berrose,42,1,D,700000,25,183,88
499,Matt,Calvert,42,1,LW,2800000,31,180,84
500,Brandon,Saad,42,2,LW,5000000,28,185,93
501,Pierre-Edouard,Bellmare,42,12,LW,1800000,36,182,90
502,Gabriel,Landescooge,42,4,LW,5571429,28,184,98
503,Andre,Buracovski,42,4,LW,4900000,26,187,90
504,Jason,Megna,42,2,C,700000,31,185,88
505,Tayson,Jost,42,1,C,874125,23,180,87
506,Alex,Newhook,42,1,C,908333,20,178,86
507,Nathan,MacKinnon,42,1,C,6300000,25,183,83
508,Karl,Sederberg,42,4,C,1000000,35,191,95
509,J.T.,Komfer,42,2,C,3500000,26,183,88
510,Liam,O`Brien,42,1,C,700000,26,185,97
511,Nasem,Cadri,42,1,C,4500000,30,183,86
512,Valeriy,Nichushkin,42,3,RW,2500000,26,193,93
513,Logan,O`Connor,42,2,RW,725000,24,183,79
514,Jonas,Donskoy,42,5,RW,3900000,29,182,86
515,Mikko,Rantanen,42,5,RW,9250000,24,193,96
516,Kam,Talbot,43,1,GK,3666667,33,191,88
517,Kaapo,Kjahkenen,43,5,GK,725000,24,187,97
518,Andrew,Hammond,43,1,GK,700000,33,188,101
519,Rayan,Suter,43,2,D,7538462,36,185,91
520,Carson,Susi,43,1,D,2750000,26,195,94
521,Matt,Damba,43,2,D,6000000,26,183,83
522,Junas,Brodin,43,4,D,6000000,27,185,88
523,Jen,Cole,43,2,D,4250000,32,185,100
524,Matt,Bartkovski,43,2,D,700000,33,185,89
526,Loui,Belletio,43,2,D,700000,25,180,89
527,Dakota,Mermis,43,2,D,700000,27,183,88
528,Brad,Hunt,43,1,D,700000,32,175,85
529,Zak,Parise,43,2,LW,7538462,36,180,89
530,Markus,Folignior,43,1,LW,3100000,29,191,103
531,Johrdan,Grinway,43,2,LW,2100000,24,197,103
532,Kevin,Fiala,43,7,LW,3000000,24,178,87
533,Kirill,Kaprizov,43,3,LW,925000,24,178,91
534,Niko,Shturm,43,9,C,725000,26,191,94
535,Nick,Bonino,43,2,C,4100000,33,185,89
536,Juel,Ericsson Ek,43,4,C,1487500,24,189,89
537,Nick,Bjugstadt,43,2,C,4100000,28,197,99
538,Kyle,Raugh,43,2,C,700000,28,173,80
539,Victor,Rask,43,4,C,4000000,28,187,91
540,Markus,Johansson,43,4,C,4500000,30,181,95
542,Rayan,Hartman,43,2,RW,1700000,26,183,82
543,Pekka,Rinne,44,5,GK,5000000,38,196,93
544,Juuse,Saros,44,5,GK,1500000,36,180,80
545,Tayler,Luingthon,44,1,D,700000,26,188,92
546,Rayan,Ellis,44,1,D,6250000,30,178,92
547,Matt,Banning,44,1,D,1000000,27,183,92
548,Matias,Eckholm,44,4,D,3750000,31,192,98
549,Ben,Harpour,44,1,D,700000,26,198,99
550,David,Farrans,44,2,D,925000,21,183,86
551,Jeremi,Davis,44,1,D,925000,24,180,82
552,Eric,Gudbranson,44,1,D,4000000,29,195,98
553,Alexandr,Carrier,44,1,D,7333333,24,180,83
554,Luka,Sbisa,44,7,D,800000,31,191,93
555,Dante,Fabbro,44,1,D,925000,22,183,86
556,Roman,Jossi,44,7,D,9059000,31,187,91
557,Mark,Borovetski,44,1,D,2000000,31,185,98
558,Philipp,Forsberg,44,4,LW,2857143,26,187,93
559,Elle,Tolvanen,44,5,LW,894166,22,179,82
560,Tanner,Janno,44,1,LW,713333,24,188,94
561,Colton,Sissons,44,1,C,2857143,27,185,85
562,Luke,Kunin,44,2,C,2300000,23,182,87
563,Jakov,Trenin,44,3,C,725000,24,188,91
564,Brad,Richardson,44,1,C,2857143,36,183,89
565,Ram,Pitlick,44,2,C,874125,24,180,89
566,Kalle,Jerncrook,44,4,C,2000000,29,181,84
567,Nick,Kazins,44,1,C,1500000,27,180,84
568,Maikl,McKarron,44,2,C,700000,26,197,104
569,Eric,Haula,44,5,C,1750000,30,183,88
570,Rayan,Johansen,44,1,C,8000000,28,191,99
571,Matt,Dushen,44,1,C,8000000,30,188,88
572,Rokko,Grimaldi,44,2,RW,2000000,28,168,82
573,Mathew,Oliver,44,2,RW,730000,24,188,95
541,Mats,Zukarello,43,20,RW,6000000,33,171,81
574,Victor,Arvidsson,44,4,RW,4250000,28,176,82
575,Mikael,Granlund,44,5,RW,3750000,29,178,80
576,Wille,Husso,45,5,GK,750000,26,191,93
577,Jordan,Binnington,45,5,GK,6000000,27,185,79
578,Karl,Gunnarsson,45,4,D,1750000,34,188,89
579,Marco,Scandella,45,1,D,3275000,31,191,94
580,Vins,Dann,45,1,D,1875000,24,183,85
581,Stiven,Santini,45,2,D,700000,26,188,94
582,Robert,Bortucco,45,1,D,1375000,32,193,98
583,Jake,Wollman,45,1,D,725000,25,185,77
584,Tori,Croug,45,2,D,6500000,30,175,84
585,Colton,Parajko,45,1,D,5500000,28,196,97
586,Justin,Faulk,45,2,D,6500000,29,183,98
587,Nicko,Mikkola,45,5,D,787500,25,193,94
588,Samy,Blaise,45,1,LW,1500000,24,188,93
589,Zak,Sanford,45,2,LW,1500000,26,193,87
590,Cyle,Clifford,45,1,LW,1000000,30,188,96
591,Jayden,Swartz,45,1,LW,5350000,28,179,86
592,David,Perron,45,1,LW,4000000,33,183,91
593,Jacob,De La Ros,45,4,LW,700000,26,191,86
594,Mike,Hoffman,45,1,LW,4000000,31,185,82
595,Brayden,Shenn,45,1,C,6500000,29,185,86
596,Robert,Thomas,45,1,C,1208330,21,183,85
597,Tayler,Bozak,45,1,C,5000000,35,185,88
598,Johrdan,Kayru,45,1,C,925000,23,183,79
599,Makkensi,Makakern,45,2,C,900000,27,191,93
600,Ivan,Barbashev,45,3,C,1475000,25,183,82
601,Oscar,Sundquist,45,4,C,2750000,27,190,95
602,Rayan,O`Rayle,45,1,C,7500000,30,185,98
603,Vladimir,Tarasenko,45,3,RW,7500000,29,184,99
604,Malcom,Subban,46,1,GK,850000,27,188,91
605,Kevin,Lankinen,46,5,GK,800000,26,187,84
606,Collin,Diliah,46,2,GK,1000000,26,188,91
607,Dunkan,Kith,46,1,D,5538462,37,185,87
608,Connor,Murphy,46,2,D,3850000,28,193,96
609,Nikita,Zadorov,46,3,D,3200000,26,196,104
610,Adam,Boquist,46,4,D,894167,20,182,82
611,Kalvin,De Haan,46,1,D,4550000,30,185,89
612,Nick,Siler,46,2,D,725000,28,188,91
613,Rayle,Stillman,46,1,D,1350000,23,185,89
614,Dominic,Kubalik,46,6,LW,3700000,25,185,81
615,Zak,Smith,46,1,LW,3250000,33,188,95
616,Adam,Gaudett,46,2,C,950000,24,185,77
617,Dilan,Stroum,46,1,C,3000000,24,190,84
618,Jonathan,Toews,46,1,C,10500000,33,188,91
619,Rayan,Karpenter,46,2,C,3000000,30,183,88
620,Philipp,Kurashev,46,7,C,842500,21,183,86
621,Pius,Zuter,46,7,C,925000,25,180,80
622,Vinni,Hinostrosa,46,2,C,1000000,27,175,78
623,David,Kampf,46,6,C,1000000,26,183,82
624,Kirby,Duck,46,1,C,925000,20,193,90
625,Bratt,Connolly,46,1,RW,3500000,29,191,88
626,Alex,Debrincat,46,2,RW,778333,23,171,75
627,Patrick,Kane,46,2,RW,10500000,32,180,80
628,Alexandr,Nulander,46,4,RW,863333,23,185,87
629,John,Gibson,47,2,GK,6400000,27,188,94
630,Antony,Stolartc,47,2,GK,750000,27,196,104
631,Cam,Fouler,47,2,D,6500000,29,185,94
632,Kevin,Stattenkirk,47,2,D,3900000,32,183,92
633,Jacob,Larsson,47,4,D,1200000,24,188,86
634,Josh,Manson,47,2,D,4100000,29,190,102
635,Andy,Velinski,47,2,D,750000,28,185,91
636,Hampus,Lindholm,47,4,D,5205556,27,190,94
637,Hayden,Fleury,47,1,D,1300000,24,190,94
638,Sonny,Milano,47,2,LW,1700000,25,183,88
639,Nikola,Delorier,47,1,LW,1000000,30,190,99
640,Danton,Heynen,47,1,LW,2800000,25,185,85
641,Max,Johns,47,2,LW,863333,23,185,100
642,Max,Comtua,47,1,LW,820000,22,188,97
643,Rickard,Raquelle,47,4,LW,3789444,28,183,89
644,Adam,Henruque,47,1,C,5825000,31,183,85
645,Rayan,Getzlaf,47,1,C,8250000,36,190,103
646,Rayan,Kessler,47,2,C,6875000,36,188,93
647,Sam,Steel,47,1,C,863333,23,180,86
648,Carter,Raunee,47,1,C,1133333,32,185,94
649,Dereck,Grant,47,1,C,1500000,31,190,93
650,Isaak,Lundestrem,47,4,C,925000,21,183,85
651,Davis,Bakes,47,1,RW,4500000,37,190,97
652,Jacob,Silverberg,47,1,RW,5250000,30,183,94
653,Troy,Terri,47,1,RW,1450000,23,183,82
654,Alexandr,Volkov,47,1,RW,700000,23,185,88
655,Eyden,Hill,48,1,GK,800000,25,197,92
656,Antti,Raanta,48,5,GK,4250000,32,183,88
657,Darcy,Kemper,48,1,GK,1850000,31,195,93
658,Niklas,Jalmarsson,48,4,D,4100000,33,187,89
659,Jacob,Chikran,48,1,D,4600000,23,191,91
660,Oliver,Ekman-Larsson,48,4,D,5500000,29,187,91
661,Alex,Goligoski,48,2,D,5475000,35,180,84
662,Ilya,Lyubushkin,48,3,D,1350000,27,187,91
663,Jason,Demers,48,1,D,4500000,32,185,91
664,Cyle,Kapobianko,48,1,D,775000,23,185,89
665,Jordan,Osterle,48,2,D,1400000,28,183,83
666,Jouhan,Larsson,48,4,LW,1400000,28,182,90
667,Dreyden,Hunt,48,1,LW,750000,25,183,89
668,Lowson,Kraus,48,1,LW,1533333,23,193,100
669,Nick,Shmaltz,48,2,C,5850000,25,183,80
670,Clayton,Keller,48,2,C,7150000,22,178,76
671,Derek,Brassar,48,1,C,1000000,33,185,93
672,Cristian,Dvorak,48,2,C,4450000,25,183,85
673,Barrett,Hayton,48,1,C,925000,20,185,86
674,Frederic,Gotier,48,1,C,700000,26,195,108
675,Drake,Kajula,48,1,C,700000,26,178,84
676,John,Hayden,48,2,RW,750000,26,191,101
677,Tayler,Pitlick,48,2,RW,1750000,29,188,91
678,Cristian,Fisher,48,2,RW,1000000,24,188,97
679,Phil,Kassel,48,2,RW,8000000,33,182,92
680,Conor,Garlend,48,2,RW,775000,25,178,75
681,Tatcher,Demko,49,2,GK,5000000,25,193,87
682,Brayden,Haultby,49,1,GK,4300000,31,188,95
683,Maikl,DiPietro,49,1,GK,811667,21,183,91
684,Jack,Ratboun,49,2,D,925000,22,180,86
685,Alexandr,Adler,49,4,D,6000000,35,192,97
686,Brogan,Rafferty,49,2,D,700000,26,188,87
687,Travis,Hamonick,49,1,D,1250000,30,188,93
688,Quinn,Huse,49,2,D,916666,21,178,77
689,Olly,Yolevy,49,5,D,863333,23,188,83
690,Gilyom,Brisbourh,49,1,D,700000,23,188,79
691,Tayler,Mayers,49,1,D,6000000,31,203,104
692,Jaylen,Chatfield,49,2,D,700000,25,185,85
693,Nate,Shmidt,49,2,D,2225000,29,183,87
694,Louy,Ericsson,49,4,LW,6000000,35,187,89
695,Jimmy,Wesi,49,2,LW,900000,28,185,88
696,Antoine,Russel,49,12,LW,3000000,31,180,88
697,Nilse,Heglander,49,4,LW,891667,20,176,86
698,Mark,Mihaelis,49,9,LW,700000,25,180,85
699,Tanner,Pirson,49,1,LW,3250000,28,185,91
700,Maikl,Ferland,49,1,LW,3500000,29,188,94
701,J.T.,Miller,49,2,C,5300000,28,186,93
702,Mathew,Haymor,49,1,C,725000,25,180,82
703,Brandon,Sutter,49,1,C,4375000,32,190,87
704,Elias,Pettersson,49,4,C,925000,22,188,73
705,Bo,Horvath,49,1,C,5500000,26,184,101
706,Tayler,Mott,49,2,C,1225000,26,178,87
707,Zak,McQuenn,49,1,C,825000,24,191,93
708,Jay,Bigl,49,1,C,3000000,35,190,98
709,Brock,Beser,49,2,RW,5875000,24,185,87
710,Jake,Virtanen,49,1,C,2550000,24,186,94
711,Jastin,Baylee,49,2,C,750000,25,193,97
712,Mark-Andre,Fleury,50,1,GK,7000000,36,188,82
713,Oscar,Dansk,50,4,GK,700000,27,189,88
714,Robin,Lener,50,4,GK,5000000,29,193,108
715,Zak,Whitecloud,50,1,D,725000,24,188,95
716,Brayden,McNabb,50,1,D,2500000,30,193,94
717,Alex,Pietrangelo,50,1,D,8800000,30,191,91
718,Nikolas,Hag,50,1,D,791667,22,197,97
719,Nick,Holden,50,1,D,1700000,34,193,95
720,Alex,Martines,50,2,D,4000000,33,185,95
721,Shea,Theodor,50,1,D,5200000,25,188,88
722,Dilan,Koglan,50,1,D,715556,23,188,86
723,Mattias,Janmark,50,4,LW,5000000,28,185,89
724,William,Carrier,50,1,LW,5000000,26,188,96
725,Max,Paccioretty,50,2,LW,7000000,32,188,97
726,Tomash,Noseck,50,6,LW,5000000,28,191,95
727,Cody,Glass,50,1,C,863333,22,189,84
728,Nikola,Ruagh,50,1,C,750000,24,193,94
729,Chandler,Stivenson,50,1,C,2750000,27,180,86
730,William,Karlsson,50,4,C,5900000,28,185,85
731,Jonathan,Marshesso,50,1,C,5000000,30,173,83
732,Tomash,Urcho,50,8,RW,700000,28,188,85
733,Raylee,Smith,50,1,RW,5000000,30,184,84
734,Keegan,Kolesar,50,1,RW,725000,24,188,103
735,Mark,Stone,50,1,RW,9500000,29,188,100
736,Rayan,Reevs,50,1,RW,1750000,34,185,102
737,Alex,Tack,50,2,RW,4750000,25,193,100
738,Jacob,Markstrem,51,4,GK,6000000,31,197,93
739,Artem,Zagidulin,51,3,GK,700000,25,187,82
740,Loui,Doming,51,1,GK,700000,29,191,95
741,Rasmus,Andersson,51,4,D,4550000,24,185,97
742,Mark,Jiordano,51,1,D,6750000,37,183,90
743,Juuso,Valimjaki,51,5,D,894166,22,187,93
744,Kristofer,Tanev,51,1,D,4500000,31,188,88
745,Noa,Hanifin,51,2,D,4950000,24,191,93
746,Oliver,Kilingthon,51,4,D,730833,24,183,82
747,Nikita,Nesterov,51,3,D,700000,28,181,90
748,Johny,Godrow,51,2,LW,6750000,27,174,71
749,Milan,Lucic,51,1,LW,6000000,33,191,107
750,Mathew,Tkachuk,51,2,LW,7000000,23,188,92
751,Josh,Livough,51,1,LW,875000,28,185,92
752,Andrew,Mangipani,51,1,LW,2425000,25,178,83
753,Derek,Rayan,51,2,C,3100000,34,180,77
754,Mikhael,Backlund,51,4,C,5350000,32,184,90
755,Joakim,Nordstrem,51,4,C,700000,29,187,86
756,Sean,Monahan,51,1,C,6375000,26,191,88
757,Elias,Lindholm,51,4,C,4850000,26,184,87
758,Dillon,Dube,51,1,C,778333,22,180,85
760,Baddy,Robinson,51,2,RW,700000,29,197,105
761,Troy,Grosenick,52,2,GK,700000,31,185,84
762,Jonathan,Quick,52,2,GK,5800000,35,184,100
763,Kalvin,Pitersen,52,2,GK,858333,26,185,83
764,Matt,Roy,52,2,D,6000000,26,185,93
765,Mark,Ault,52,2,D,700000,29,193,91
766,Olly,Myattya,52,5,D,4083333,26,188,93
767,Drew,Douty,52,1,D,11000000,31,185,88
768,Cristian,Volanin,52,2,D,900000,26,188,84
769,Shean,Walker,52,1,D,2650000,26,180,89
770,Tobias,Bjornfoot,52,4,D,894167,20,184,92
771,Mikki,Anderson,52,2,D,925000,22,183,89
772,Curtis,McDermid,52,1,D,875000,27,195,106
773,Cyle,Clag,52,1,D,761166,23,183,80
774,Austin,Strand,52,1,D,735000,24,193,98
775,Trevor,Moore,52,2,LW,775000,26,178,83
776,Alex,Ajafallo,52,2,LW,4000000,27,183,84
777,Austin,Vagner,52,1,LW,1133333,23,185,81
778,Brendan,Lemeur,52,2,LW,1550000,25,185,95
779,Adrian,Kempe,52,4,C,2000000,24,187,85
780,Anje,Kopitar,52,8,C,10000000,33,192,101
781,Gabriel,Vilardi,52,1,C,894167,21,191,91
782,Andreas,Atanasiu,52,1,C,1200000,26,188,85
783,Lias,Anderson,52,4,C,894166,22,181,93
784,Jarred,Anderson-Dolan,52,1,C,747500,21,180,85
785,Blake,Lizott,52,2,C,925000,23,171,78
786,Dustin,Braun,52,2,RW,5875000,36,184,98
787,Martin,Frk,52,6,RW,725000,27,185,93
788,Artur,Kaliev,52,2,RW,925000,19,188,86
789,Matt,Laff,52,1,RW,700000,24,188,86
790,Karl,Grunstrem,52,4,RW,725000,23,184,88
791,Alexey,Melnichuk,53,3,GK,925000,22,186,87
792,Martin,Jhons,53,1,GK,5750000,31,193,85
793,Jozef,Korzhenarzh,53,6,GK,723333,23,186,84
794,Greg,Paterin,53,2,D,2250000,30,188,101
795,Mario,Ferraro,53,1,D,925000,22,180,84
796,Mark-Eduard,Vlasik,53,1,D,7000000,34,185,93
797,Cristian,Jarosh,53,8,D,750000,25,192,100
798,Radim,Shimek,53,6,D,2250000,28,180,91
799,Eric,Carlsson,53,4,D,11500000,31,182,87
800,Nikolay,Knyzhov,53,3,D,796667,23,190,92
801,Brent,Berns,53,1,D,8000000,36,196,104
802,Evander,Kane,53,1,LW,7000000,29,188,96
803,Markus,Sorensen,53,4,LW,1500000,29,181,79
804,John,Leonard,53,2,LW,925000,22,180,84
805,Jeffry,Wiel,53,1,LW,780000,24,183,89
806,Matt,Nieto,53,2,LW,700000,28,180,86
807,Rudolf,Baltzers,53,11,LW,735000,24,180,82
808,Dilan,Gambrell,53,2,C,700000,24,183,88
809,Patrick,Marleau,53,1,C,700000,41,188,99
810,Rayan,Donato,53,2,C,1900000,25,185,82
811,Logan,Koutyur,53,1,C,6000000,32,185,91
812,Tomash,Gertl,53,6,C,5625000,27,188,95
813,Timo,Mayer,53,7,RW,6000000,24,184,96
814,Kurtis,Gabriel,53,1,RW,700000,28,193,91
815,Kevin,Labank,53,2,RW,4725000,25,180,81
816,Alexandr,Barabanov,53,3,RW,1000000,26,179,87
856,Mikko,Koskinen,54,5,GK,4500000,32,200,92
857,Alex,Stalock,54,2,GK,785000,33,183,86
858,Stuart,Skinner,54,1,GK,784166,22,191,92
859,Mike,Smith,54,1,GK,925000,39,193,88
860,Cris,Russell,54,1,D,4000000,34,178,77
861,Adam,Larsson,54,4,D,4166667,28,190,93
862,Taison,Barry,54,1,D,3750000,29,178,86
863,Darnell,Nerse,54,1,D,5600000,26,193,93
864,Slayter,Kukku,54,1,D,850000,27,188,90
865,Dmitriy,Kulikov,54,3,D,1150000,30,184,93
866,Itan,Bear,54,1,D,2000000,23,181,89
867,Oscar,Klefboom,54,4,D,4167000,27,192,95
868,Kaleb,Jhons,54,2,D,925000,24,185,93
869,Juakim,Nyugord,54,4,LW,875000,28,182,81
870,Judghar,Khaira,54,1,LW,1200000,26,192,97
871,James,Neil,54,1,LW,5750000,33,187,93
872,Tayler,Benson,54,1,LW,808333,23,183,86
873,Tayler,Annise,54,1,LW,1000000,31,174,79
874,Cyle,Terris,54,1,C,1650000,31,185,86
875,Davin,Shore,54,1,C,700000,26,183,93
876,Dominic,Kahone,54,9,C,975000,25,180,79
877,Alan,Qaine,54,1,C,750000,28,183,92
878,Leon,Draisaitle,54,9,C,8500000,25,189,98
879,Gaetan,Haas,54,7,C,915000,29,183,82
880,Rayan,Newgent-Hopkins,54,1,C,6000000,28,184,86
881,Connor,McDavid,54,1,C,12500000,24,185,89
882,Esse,Pulyjarvee,54,5,RW,1175000,23,193,91
883,Josh,Archibald,54,1,RW,1500000,28,179,80
884,Alex,Chaisson,54,1,RW,2150000,30,193,94
885,Zak,Kassian,54,1,RW,3200000,30,191,97
886,Cayler,Jamamoto,54,2,RW,894166,22,173,70
324,Joe,Daccord,36,2,GK,750000,24,198,89
525,Jarred,Spurgeon,43,1,D,7575000,31,174,80
759,Dominick,Simon,51,6,C,750000,26,180,80
