state_id,state_name,country_id
1,Idaho,2
2,Iowa,2
3,Alabama,2
4,Alaska,2
5,Arizona,2
6,Arkansas,2
7,Wyoming,2
8,Washington,2
9,Vermont,2
10,Virginia,2
11,Wisconsin,2
12,Hawaii,2
13,Delaware,2
14,Georgia,2
15,West Virginia,2
16,Illinois,2
17,Indiana,2
18,California,2
19,Kansas,2
20,Kentucky,2
21,Colorado,2
22,Connecticut,2
23,Louisiana,2
24,Massachusetts,2
25,Minnesota,2
26,Mississippi,2
27,Missouri,2
28,Michigan,2
29,Montana,2
30,Maine,2
31,Maryland,2
32,Nebraska,2
33,Nevada,2
34,New Hampshire,2
35,New Jersey,2
36,New York,2
37,New Mexico,2
38,Ohio,2
39,Oklahoma,2
40,Oregon,2
41,Pennsylvania,2
42,Rhode Island,2
43,North Dakota,2
44,North Carolina,2
45,Tennessee,2
46,Texas,2
47,Florida,2
48,South Dakota,2
49,South Carolina,2
50,Utah,2
51,Alberta,1
52,British Columbia,1
53,Quebec,1
54,Manitoba,1
55,Nova Scotia,1
56,Nunavut,1
57,New Brunswick,1
58,Newfoundland and Labrador,1
59,Ontario,1
60,Prince Edward Island,1
61,Saskatchewan,1
62,Northwest Territories,1
63,Yukon,1
64,"Washington, D.C.",2
