team_id,team_name,city_id,foundation,number_of_cups,last_cups,division_id,stadium_capacity,capitan
26,Columbus Blue Jackets,3,2000,0,,1,18144,
29,New York Rangers,6,1926,4,1994,1,18200,
36,Ottawa Senators,13,1992,0,,2,19153,
24,Washington Capitals,1,1974,1,2018,1,18506,12
25,Carolina Hurricanes,2,1972,1,2006,1,18680,39
27,New Jersey Devils,4,1974,3,2003,1,17625,91
28,New York Islanders,5,1972,4,1983,1,13917,113
30,Pittsburgh Penguins,7,1967,5,2017,1,18872,180
31,Philadelphia Flyers,8,1967,1,1975,1,19519,195
32,Buffalo Sabres,9,1970,0,,2,18690,222
33,Boston Bruins,10,1924,6,2011,2,17565,259
34,Detroit Red Wings,11,1926,11,2008,2,19515,286
35,Montreal Canadiens,12,1909,24,1993,2,21273,296
37,Tampa Bay Lightning,14,1974,2,2020,2,19204,367
38,Toronto Maple Leafs,15,1917,13,1967,2,18800,393
39,Florida Panthers,16,1993,0,,2,19250,422
40,Winnipeg Jets,17,1999,0,,3,15321,455
41,Dallas Stars,18,1967,1,1999,3,18532,470
42,Colorado Avalanche,19,1972,2,2001,3,18007,502
43,Minnesota Wild,20,2000,0,,3,18064,525
44,Nashville Predators,21,1998,0,,3,17113,556
45,St. Louis Blues,22,1967,1,2019,3,18400,602
46,Chicago Blackhawks,23,1926,1,2015,3,19717,618
47,Anaheim Ducks,24,1974,1,2007,4,17174,645
48,Arizona Coyotes,25,1974,0,,4,17799,660
49,Vancouver Canucks,26,1945,0,,4,18810,705
50,Vegas Golden Knights,27,2017,0,,4,17367,735
51,Calgary Flames,28,1972,1,1989,4,19289,742
52,Los Angeles Kings,29,1967,2,2014,4,18118,780
53,San Jose Sharks,30,1991,0,,4,17562,811
54,Edmonton Oilers,31,1972,5,1990,4,18641,881
